wall_time_s,cf_timestamp_ms,state_x_m,state_y_m,state_z_m,roll_deg,pitch_deg,yaw_deg,battery_v
0.0,652768,0.010733967646956444,0.18249548971652985,0.011693522334098816,,,,
0.0,652769,,,,0.1237167939543724,-0.5641478896141052,0.012894544750452042,
0.20432400703430176,652968,0.010547127574682236,0.1820775866508484,0.013995503075420856,,,,
0.20432400703430176,652969,,,,0.07200267910957336,-0.5589375495910645,0.017408117651939392,
0.30451226234436035,653071,,,,,,,3.737243413925171
0.39359283447265625,653168,0.010247058235108852,0.1826995611190796,0.013420608825981617,,,,
0.39359283447265625,653169,,,,0.0739007517695427,-0.504056990146637,0.01766846887767315,
0.5978715419769287,653368,0.010470453649759293,0.1825052946805954,0.012392716482281685,,,,
0.5978715419769287,653369,,,,0.08586687594652176,-0.5565857887268066,0.018658068031072617,
0.8025767803192139,653568,0.010394927114248276,0.18170472979545593,0.014253496192395687,,,,
0.8025767803192139,653569,,,,0.0958615094423294,-0.5394961833953857,0.015242365188896656,
0.8025767803192139,653571,,,,,,,3.7319648265838623
1.0076282024383545,653768,0.010603764094412327,0.18261508643627167,0.01381706167012453,,,,
1.0076282024383545,653769,,,,0.0971425473690033,-0.5437924265861511,0.012727434746921062,
1.196943998336792,653968,0.010860657319426537,0.18174386024475098,0.013189594261348248,,,,
1.196943998336792,653969,,,,0.0842822790145874,-0.5706494450569153,0.01220451295375824,
1.3069028854370117,654071,,,,,,,3.7319648265838623
1.4014790058135986,654168,0.011293021962046623,0.18257975578308105,0.013358978554606438,,,,
1.4014790058135986,654169,,,,0.18704243004322052,-0.5815616250038147,0.00946065690368414,
1.5901238918304443,654368,0.010225013829767704,0.1823255568742752,0.014551406726241112,,,,
1.6058337688446045,654369,,,,0.16555501520633698,-0.615064799785614,0.010106820613145828,
1.7944459915161133,654568,0.011286900378763676,0.18255984783172607,0.012737473472952843,,,,
1.7944459915161133,654569,,,,0.14091309905052185,-0.63017338514328,0.0023187315091490746,
1.8159284591674805,654571,,,,,,,3.7319648265838623
1.9987871646881104,654768,0.010883566923439503,0.1825764924287796,0.013234253972768784,,,,
1.9987871646881104,654769,,,,0.1579505056142807,-0.5417986512184143,0.005484729539602995,
2.1878840923309326,654968,0.011758318170905113,0.18283727765083313,0.014470336027443409,,,,
2.208122491836548,654969,,,,0.19305360317230225,-0.5705745220184326,-0.0037178576458245516,
2.297992467880249,655071,,,,,,,3.7319648265838623
2.392270088195801,655168,0.01131547149270773,0.18330442905426025,0.013639246113598347,,,,
2.4078524112701416,655169,,,,0.1326298713684082,-0.5948780179023743,0.00038124812999740243,
2.5962634086608887,655368,0.011543799191713333,0.1823694407939911,0.01470572967082262,,,,
2.5962634086608887,655369,,,,0.2181268334388733,-0.5515303015708923,0.0009601690690033138,
2.8001270294189453,655568,-6.692413444397971e-05,7.200696563813835e-05,0.015056687407195568,,,,
2.8001270294189453,655569,,,,0.003535056719556451,0.07333806157112122,-0.0015238032210618258,
2.8001270294189453,655571,,,,,,,3.7266862392425537
2.988863468170166,655768,-9.529161616228521e-05,-0.0006997822201810777,0.014433607459068298,,,,
3.004746913909912,655769,,,,0.15454168617725372,-0.31093260645866394,-0.003007646882906556,
3.19326114654541,655968,0.00037484330823644996,-0.0007244709995575249,0.013449173420667648,,,,
3.208728075027466,655969,,,,0.21149404346942902,-0.40786340832710266,-0.007992345839738846,
3.3028435707092285,656071,,,,,,,3.7266862392425537
3.3972599506378174,656168,0.001515278941951692,0.0017193076200783253,0.014577302150428295,,,,
3.3972599506378174,656169,,,,0.18720325827598572,-0.4665788412094116,-0.004913840908557177,
3.603267192840576,656368,0.0005425120471045375,3.5297012800583616e-05,0.012627223506569862,,,,
3.603267192840576,656369,,,,0.16737471520900726,-0.5153154134750366,-0.005539095960557461,
3.7908289432525635,656568,0.000610469956882298,-0.0006560945184901357,0.014526148326694965,,,,
3.806427478790283,656569,,,,0.18505461513996124,-0.5774892568588257,-0.0042601353488862514,
3.806427478790283,656571,,,,,,,3.7266862392425537
3.9948441982269287,656768,0.0005938968970440328,0.0009434024104848504,0.013474405743181705,,,,
3.9948441982269287,656769,,,,0.18139314651489258,-0.5507151484489441,-0.004843785893172026,
4.199054956436157,656968,-8.965868619270623e-05,-0.0006142809870652854,0.013901074416935444,,,,
4.199054956436157,656969,,,,0.15263454616069794,-0.5290082693099976,-0.0029318572487682104,
4.293712615966797,657071,,,,,,,3.7266862392425537
4.389018297195435,657168,0.001242847298271954,0.0007235233206301928,0.013873129151761532,,,,
4.404057502746582,657169,,,,0.12493834644556046,-0.5866772532463074,-0.0044561526738107204,
4.592381238937378,657368,0.00042340808431617916,-0.0005632971879094839,0.014928748831152916,,,,
4.608005523681641,657369,,,,0.1684223711490631,-0.5215946435928345,0.0009974741842597723,
4.796941757202148,657568,-0.00036041848943568766,-0.00014944167924113572,0.01285779383033514,,,,
4.796941757202148,657569,,,,0.17833219468593597,-0.5506137609481812,0.0023328731767833233,
4.796941757202148,657571,,,,,,,3.7266862392425537
5.001948595046997,657768,-6.494346598628908e-05,-0.0012942544417455792,0.014513717032968998,,,,
5.001948595046997,657769,,,,0.07659946382045746,-0.5681678056716919,-0.5932438969612122,
5.190747261047363,657968,-0.05844765156507492,-0.013987062498927116,0.000767566089052707,,,,
5.20637059211731,657969,,,,-0.5830158591270447,0.8020150661468506,-0.5104397535324097,
5.300952672958374,658071,,,,,,,3.6158359050750732
5.395501375198364,658168,-0.0881156250834465,-0.0025917161256074905,0.05296376347541809,,,,
5.395501375198364,658169,,,,-0.11680800467729568,-4.880058765411377,-0.014808164909482002,
5.599676132202148,658368,-0.04980555176734924,-0.005519377067685127,0.06730666756629944,,,,
5.599676132202148,658369,,,,0.3500967025756836,0.6283261179924011,0.6703976988792419,
5.788666725158691,658568,-0.026901574805378914,-0.013871189206838608,0.06681691110134125,,,,
5.805759906768799,658569,,,,-0.4461858570575714,3.0399534702301025,0.8479731678962708,
5.805759906768799,658571,,,,,,,3.6105573177337646
5.9930970668792725,658768,-0.04737177491188049,-0.01714426465332508,0.0747169703245163,,,,
5.9930970668792725,658769,,,,-0.5828151106834412,0.5462234020233154,0.8467035889625549,
6.197962522506714,658968,-0.07173104584217072,-0.014853854663670063,0.07732926309108734,,,,
6.197962522506714,658969,,,,-0.03721240907907486,-2.2134504318237305,0.8786700963973999,
6.2922139167785645,659071,,,,,,,3.594721555709839
6.402126312255859,659168,-0.07416972517967224,-0.014792070724070072,0.06826452165842056,,,,
6.402126312255859,659169,,,,0.2755677103996277,-1.4964784383773804,1.0347394943237305,
6.591081142425537,659368,-0.06371244788169861,-0.018918082118034363,0.09444846212863922,,,,
6.60677433013916,659369,,,,0.026811691001057625,0.4693801701068878,1.143392562866211,
6.795422554016113,659568,-0.059179142117500305,-0.02370312064886093,0.09571578353643417,,,,
6.795422554016113,659569,,,,-0.27025046944618225,0.3094964325428009,0.9958658814430237,
6.795422554016113,659571,,,,,,,3.6000001430511475
7.002052068710327,659768,-0.06094249337911606,-0.027133062481880188,0.08550714701414108,,,,
7.002052068710327,659769,,,,-0.41826966404914856,-0.22609242796897888,0.7770869731903076,
7.189448595046997,659968,-0.06562246382236481,-0.02205060049891472,0.08422747999429703,,,,
7.205088376998901,659969,,,,-0.08541173487901688,-0.19974106550216675,0.5772055983543396,
7.300352334976196,660071,,,,,,,3.6000001430511475
7.39936375617981,660168,-0.06739955395460129,-0.019021695479750633,0.08806417882442474,,,,
7.39936375617981,660169,,,,0.5188387632369995,-0.5324559211730957,0.3921877145767212,
7.5995588302612305,660368,-0.06577187031507492,-0.020646948367357254,0.09155318886041641,,,,
7.5995588302612305,660369,,,,0.026223789900541306,-2.168168067932129,0.163045734167099,
7.788622140884399,660568,-0.049661532044410706,-0.022738119587302208,0.09469141066074371,,,,
7.8042848110198975,660569,,,,-0.2319609522819519,-0.947446346282959,-0.36683034896850586,
7.8042848110198975,660571,,,,,,,3.594721555709839
7.99260687828064,660768,-0.02894212305545807,-0.021755293011665344,0.09618382155895233,,,,
7.99260687828064,660769,,,,0.10249685496091843,-0.2229570895433426,-0.8833580017089844,
8.1971914768219,660968,-0.008535881526768208,-0.022465001791715622,0.09476657956838608,,,,
8.1971914768219,660969,,,,0.010480444878339767,0.21870993077754974,-1.186148762702942,
8.291408777236938,661071,,,,,,,3.5894429683685303
8.401395559310913,661168,0.008156836964190006,-0.02244628593325615,0.08732473105192184,,,,
8.401395559310913,661169,,,,0.11123447120189667,-0.3931206166744232,-1.3730496168136597,
8.589887857437134,661368,0.02398163080215454,-0.024319177493453026,0.09674294292926788,,,,
8.605514526367188,661369,,,,-0.3186098039150238,1.7690584659576416,-1.3973994255065918,
8.79440712928772,661568,0.02270880900323391,-0.025151750072836876,0.09897580742835999,,,,
8.79440712928772,661569,,,,-0.1513574719429016,0.4067935645580292,-1.1521621942520142,
8.79440712928772,661571,,,,,,,3.5894429683685303
8.999018907546997,661768,0.019339682534337044,-0.023430248722434044,0.10141409933567047,,,,
8.999018907546997,661769,,,,-0.00945026334375143,-0.7159594893455505,-1.0303064584732056,
9.20328664779663,661968,0.023507624864578247,-0.022202683612704277,0.09971287846565247,,,,
9.20328664779663,661969,,,,0.32086867094039917,-0.15954120457172394,-0.9402418732643127,
9.299053430557251,662071,,,,,,,3.5841643810272217
9.394382953643799,662168,0.028558263555169106,-0.02439826726913452,0.09786608070135117,,,,
9.394382953643799,662169,,,,-0.13424593210220337,0.4939221143722534,-0.6295040845870972,
9.597224950790405,662368,0.031759828329086304,-0.02572161890566349,0.10118789970874786,,,,
9.597224950790405,662369,,,,0.05469668656587601,-0.6333720684051514,2.1102566719055176,
9.801842451095581,662568,0.03487170487642288,-0.027643725275993347,0.10783126205205917,,,,
9.801842451095581,662569,,,,-0.27169662714004517,-0.6824160218238831,9.925015449523926,
9.801842451095581,662571,,,,,,,3.578885793685913
9.99017858505249,662768,0.04701681062579155,-0.021783119067549706,0.10525688529014587,,,,
9.99017858505249,662769,,,,-0.16596004366874695,0.12043982744216919,21.004039764404297,
10.194415807723999,662968,0.054133374243974686,-0.0201492290943861,0.10718656331300735,,,,
10.194415807723999,662969,,,,-0.03943246230483055,0.1456592082977295,33.34834289550781,
10.304053783416748,663071,,,,,,,3.578885793685913
10.397906303405762,663168,0.05107666179537773,-0.025280512869358063,0.11547806859016418,,,,
10.397906303405762,663169,,,,-0.3911220133304596,-0.865817129611969,45.756717681884766,
10.586888074874878,663368,0.047882016748189926,-0.020094046369194984,0.11657550930976868,,,,
10.602539300918579,663369,,,,0.2812859117984772,-1.3585402965545654,57.775455474853516,
10.789702653884888,663568,0.055184680968523026,-0.005759619642049074,0.11944602429866791,,,,
10.789702653884888,663569,,,,0.11825118213891983,0.03356150910258293,69.80361938476562,
10.805327892303467,663571,,,,,,,3.578885793685913
10.993812561035156,663768,0.06289172917604446,0.006263422314077616,0.11965827643871307,,,,
10.993812561035156,663769,,,,-0.13762837648391724,0.10064667463302612,82.24455261230469,
11.19940972328186,663968,0.0716710090637207,0.013412056490778923,0.10998065769672394,,,,
11.19940972328186,663969,,,,-0.4720717966556549,0.865175724029541,91.14502716064453,
11.292324781417847,664071,,,,,,,3.5736072063446045
11.387540817260742,664168,0.07734851539134979,0.010676256380975246,0.10100213438272476,,,,
11.403191566467285,664169,,,,-0.43230894207954407,0.2564082145690918,93.80819702148438,
11.591895580291748,664368,0.08339641243219376,0.005467827431857586,0.10428433865308762,,,,
11.591895580291748,664369,,,,-0.32332080602645874,-0.2574407160282135,93.64842987060547,
11.797293663024902,664568,0.08900164812803268,0.0013429083628579974,0.10773535072803497,,,,
11.797293663024902,664569,,,,-0.3618324100971222,-0.5531172156333923,93.27460479736328,
11.797293663024902,664571,,,,,,,3.5841643810272217
12.001411199569702,664768,0.0931691825389862,0.0006574583239853382,0.09885305911302567,,,,
12.001411199569702,664769,,,,-0.33539530634880066,-0.23379167914390564,92.89972686767578,
12.18979263305664,664968,0.0956103652715683,0.0017103719292208552,0.10567296296358109,,,,
12.18979263305664,664969,,,,-0.3153906762599945,-1.060988187789917,92.2797622680664,
12.299618482589722,665071,,,,,,,3.578885793685913
12.393857717514038,665168,0.09639886766672134,0.00830155424773693,0.1069226861000061,,,,
12.393857717514038,665169,,,,0.14737050235271454,-0.7945445775985718,92.02709197998047,
12.597771167755127,665368,0.09888457506895065,0.020364610478281975,0.1125900000333786,,,,
12.597771167755127,665369,,,,-0.04854927211999893,-0.004095166455954313,92.0859146118164,
12.785961627960205,665568,0.1027950793504715,0.02978450432419777,0.10994500666856766,,,,
12.801580429077148,665569,,,,-0.35249292850494385,0.029914218932390213,92.21824645996094,
12.801580429077148,665571,,,,,,,3.578885793685913
12.989843130111694,665768,0.10551705956459045,0.0387602373957634,0.10871037095785141,,,,
13.005486249923706,665769,,,,-0.4495193660259247,-0.05683169886469841,92.30193328857422,
13.194758653640747,665968,0.1045597568154335,0.04999730736017227,0.108340784907341,,,,
13.194758653640747,665969,,,,-0.3621131479740143,0.14262624084949493,92.49122619628906,
13.28892707824707,666071,,,,,,,3.5736072063446045
13.39876651763916,666168,0.10198651999235153,0.057318396866321564,0.10402218997478485,,,,
13.39876651763916,666169,,,,0.081809401512146,0.1140589639544487,92.66504669189453,
13.587517261505127,666368,0.1003970131278038,0.06350719928741455,0.10929806530475616,,,,
13.603206872940063,666369,,,,-0.004821561276912689,-0.17275390028953552,92.78519439697266,
13.792153358459473,666568,0.09887607395648956,0.0711822360754013,0.10832278430461884,,,,
13.792153358459473,666569,,,,0.1798447221517563,-0.41192948818206787,92.77163696289062,
13.792153358459473,666571,,,,,,,3.5736072063446045
13.996804237365723,666768,0.09896493703126907,0.08107805997133255,0.1099628359079361,,,,
13.996804237365723,666769,,,,-0.0008792271255515516,-0.2603701651096344,92.59581756591797,
14.201790809631348,666968,0.099488265812397,0.0911695584654808,0.1105603575706482,,,,
14.201790809631348,666969,,,,0.12378282845020294,-0.22421690821647644,92.1882553100586,
14.295765399932861,667071,,,,,,,3.568328619003296
14.38979697227478,667168,0.10008934140205383,0.10294574499130249,0.10977591574192047,,,,
14.405419826507568,667169,,,,-0.2655397057533264,0.09995003789663315,91.89895629882812,
14.594638347625732,667368,0.09789059311151505,0.11326884478330612,0.10986489057540894,,,,
14.594638347625732,667369,,,,-0.22515490651130676,0.027162035927176476,91.79927062988281,
14.805199384689331,667568,0.09621533751487732,0.12208957225084305,0.09659989923238754,,,,
14.80977463722229,667569,,,,0.1348225623369217,-0.03732943534851074,91.83600616455078,
14.814071893692017,667571,,,,,,,3.568328619003296
14.989266157150269,667768,0.09633028507232666,0.1318730264902115,0.10947716236114502,,,,
14.989266157150269,667769,,,,0.21520748734474182,-0.19602566957473755,91.9574203491211,
15.193951606750488,667968,0.10055434703826904,0.1404009908437729,0.10035931318998337,,,,
15.193951606750488,667969,,,,-0.2508832812309265,1.0001839399337769,91.8826904296875,
15.30384612083435,668071,,,,,,,3.5577712059020996
15.397960186004639,668168,0.10272383689880371,0.14435768127441406,0.10314872860908508,,,,
15.397960186004639,668169,,,,-0.1963997781276703,0.6426315307617188,91.54740142822266,
15.588049173355103,668368,0.1042112186551094,0.14514797925949097,0.11266276240348816,,,,
15.588049173355103,668369,,,,-0.5009115934371948,-0.3491382598876953,90.6807861328125,
15.792925834655762,668568,0.10258961468935013,0.14923997223377228,0.10540346056222916,,,,
15.792925834655762,668569,,,,-0.18296875059604645,0.18553993105888367,90.76244354248047,
15.792925834655762,668571,,,,,,,3.568328619003296
15.99715518951416,668768,0.09982264041900635,0.15536481142044067,0.10008905082941055,,,,
15.99715518951416,668769,,,,0.4869194030761719,-0.011429058387875557,91.05072784423828,
16.201082468032837,668968,0.1008407399058342,0.161897212266922,0.10599340498447418,,,,
16.201082468032837,668969,,,,-0.08149877190589905,-1.6035782098770142,85.83906555175781,
16.295392751693726,669071,,,,,,,3.5630500316619873
16.389764308929443,669168,0.10232473909854889,0.17807434499263763,0.11183180660009384,,,,
16.389764308929443,669169,,,,-0.2202349752187729,-0.9449125528335571,70.36219024658203,
16.593881368637085,669368,0.10674218088388443,0.1994010955095291,0.11125089973211288,,,,
16.593881368637085,669369,,,,0.6416622996330261,-0.04175838083028793,49.40877914428711,
16.798682928085327,669568,0.11852919310331345,0.21797999739646912,0.11858328431844711,,,,
16.798682928085327,669569,,,,0.6893858909606934,0.035309821367263794,27.058032989501953,
16.798682928085327,669571,,,,,,,3.5577712059020996
16.987839460372925,669768,0.13107946515083313,0.22203700244426727,0.11657124757766724,,,,
16.987839460372925,669769,,,,0.712094783782959,1.4767556190490723,10.30569839477539,
17.201070547103882,669968,0.13550801575183868,0.21550962328910828,0.11145144701004028,,,,
17.203649282455444,669969,,,,0.8297143578529358,0.9398700594902039,2.405822992324829,
17.302345514297485,670071,,,,,,,3.5630500316619873
17.396862745285034,670168,0.13016554713249207,0.20029592514038086,0.10107839852571487,,,,
17.396862745285034,670169,,,,-0.48582592606544495,-0.002558283042162657,-0.36602750420570374,
17.585429430007935,670368,0.12360892444849014,0.18771837651729584,0.09877853840589523,,,,
17.600990533828735,670369,,,,-1.0780444145202637,-0.1896817684173584,-0.9499187469482422,
17.789817333221436,670568,0.11749296635389328,0.18283244967460632,0.09364864975214005,,,,
17.789817333221436,670569,,,,-0.587207555770874,-0.6321138143539429,-1.0009158849716187,
17.789817333221436,670571,,,,,,,3.568328619003296
17.99361228942871,670768,0.1193942204117775,0.18138150870800018,0.09403245896100998,,,,
17.99361228942871,670769,,,,-0.5333499312400818,-1.944895625114441,-1.2765203714370728,
18.197441339492798,670968,0.13606394827365875,0.18170066177845,0.10176582634449005,,,,
18.197441339492798,670969,,,,-0.04526648670434952,-1.2336928844451904,-1.8547323942184448,
18.292268991470337,671071,,,,,,,3.5630500316619873
18.40194606781006,671168,0.1592748910188675,0.18148252367973328,0.09430010616779327,,,,
18.40194606781006,671169,,,,-0.1979718804359436,0.2967730760574341,-2.8512165546417236,
18.590693950653076,671368,0.1801024079322815,0.18263128399848938,0.09788163006305695,,,,
18.590693950653076,671369,,,,0.14150729775428772,0.7676844000816345,-3.414994955062866,
18.795057773590088,671568,0.19324293732643127,0.1832076758146286,0.09814232587814331,,,,
18.795057773590088,671569,,,,0.14851541817188263,0.060713909566402435,-3.4029619693756104,
18.795057773590088,671571,,,,,,,3.5630500316619873
18.998905181884766,671768,0.20580187439918518,0.18242669105529785,0.09545940160751343,,,,
18.998905181884766,671769,,,,-0.35149532556533813,-0.6580183506011963,-2.820032835006714,
19.18989109992981,671968,0.22335778176784515,0.1837850660085678,0.09982847422361374,,,,
19.20441460609436,671969,,,,0.10938787460327148,-0.6123873591423035,-1.2196589708328247,
19.298664808273315,672071,,,,,,,3.5630500316619873
19.39311385154724,672168,0.24579031765460968,0.18322983384132385,0.10008802264928818,,,,
19.39311385154724,672169,,,,0.22270657122135162,-0.02703041583299637,-0.5381731986999512,
19.5971577167511,672368,0.268667995929718,0.1816544532775879,0.10187799483537674,,,,
19.5971577167511,672369,,,,-0.15089714527130127,0.3002123236656189,-0.7284358739852905,
19.78630566596985,672568,0.2879626452922821,0.18111474812030792,0.09530115127563477,,,,
19.801989793777466,672569,,,,0.12485774606466293,0.044710204005241394,-0.6147193312644958,
19.801989793777466,672571,,,,,,,3.5630500316619873
19.991596460342407,672768,0.3076508343219757,0.1804717779159546,0.10492052137851715,,,,
19.991596460342407,672769,,,,0.014264232479035854,-0.03718790411949158,-0.15052230656147003,
20.196454524993896,672968,0.3280547261238098,0.1791403889656067,0.10232296586036682,,,,
20.196454524993896,672969,,,,-0.22285673022270203,-0.49347808957099915,0.1836043745279312,
20.30721664428711,673071,,,,,,,3.5630500316619873
20.38555383682251,673168,0.35075879096984863,0.1771858036518097,0.10283873230218887,,,,
20.401272535324097,673169,,,,-0.08442160487174988,-0.44875603914260864,0.05459427461028099,
20.589857816696167,673368,0.3736051619052887,0.1745622158050537,0.10362133383750916,,,,
20.605559587478638,673369,,,,-0.1437215507030487,-0.04170940816402435,-0.5691626667976379,
20.79419708251953,673568,0.3969380855560303,0.17151856422424316,0.10348115116357803,,,,
20.79419708251953,673569,,,,0.007748977746814489,0.07718969881534576,-0.312183141708374,
20.79419708251953,673571,,,,,,,3.5630500316619873
20.998450994491577,673768,0.41716188192367554,0.16805905103683472,0.11142982542514801,,,,
20.998450994491577,673769,,,,-0.27830958366394043,1.859605312347412,0.28554195165634155,
21.186271905899048,673968,0.4256363809108734,0.16493256390094757,0.09887266904115677,,,,
21.201935529708862,673969,,,,-0.32401224970817566,1.268617868423462,0.3107561767101288,
21.296682834625244,674071,,,,,,,3.5577712059020996
21.390727758407593,674168,0.42446810007095337,0.1629125326871872,0.10194800049066544,,,,
21.390727758407593,674169,,,,-0.19185996055603027,0.024126537144184113,-0.7274043560028076,
21.59523868560791,674368,0.42482078075408936,0.1616392433643341,0.10111875832080841,,,,
21.59523868560791,674369,,,,-0.2549366056919098,-0.17362195253372192,-1.9414623975753784,
21.783934354782104,674568,0.42862236499786377,0.16338206827640533,0.10725489258766174,,,,
21.79975724220276,674569,,,,0.098116435110569,0.21325813233852386,-1.6979738473892212,
21.79975724220276,674571,,,,,,,3.568328619003296
21.987966299057007,674768,0.4282507598400116,0.1630750596523285,0.11252055317163467,,,,
21.987966299057007,674769,,,,0.21553263068199158,-0.6013076901435852,-2.294196128845215,
22.192719221115112,674968,0.4303630292415619,0.15823641419410706,0.10095953941345215,,,,
22.192719221115112,674969,,,,-0.3559166491031647,-0.9614778757095337,-8.865407943725586,
22.287060976028442,675071,,,,,,,3.552492618560791
22.396275758743286,675168,0.4378332495689392,0.15606732666492462,0.10292551666498184,,,,
22.396275758743286,675169,,,,-0.1091521754860878,0.031468715518713,-18.993249893188477,
22.585127592086792,675368,0.44223132729530334,0.1471555531024933,0.11939040571451187,,,,
22.600799560546875,675369,,,,-0.24567481875419617,-0.002990460954606533,-30.707422256469727,
22.790196895599365,675568,0.4395217001438141,0.13938914239406586,0.119205541908741,,,,
22.790196895599365,675569,,,,-0.26920148730278015,-0.09062471240758896,-42.849632263183594,
22.790196895599365,675571,,,,,,,3.5577712059020996
22.994340419769287,675768,0.43687954545021057,0.13262024521827698,0.09718597680330276,,,,
22.994340419769287,675769,,,,-0.47002696990966797,-0.5291763544082642,-55.4515495300293,
23.19875454902649,675968,0.4406302273273468,0.13208405673503876,0.10226278007030487,,,,
23.19875454902649,675969,,,,0.07270853966474533,-0.02310357056558132,-68.52928924560547,
23.29288649559021,676071,,,,,,,3.552492618560791
23.387130975723267,676168,0.43519651889801025,0.12456945329904556,0.10823536664247513,,,,
23.387130975723267,676169,,,,-0.28375041484832764,-0.4302825629711151,-80.91609191894531,
23.59117078781128,676368,0.4366976320743561,0.11574260145425797,0.11665774136781693,,,,
23.59117078781128,676369,,,,-0.157041996717453,0.49707943201065063,-89.51039123535156,
23.79627251625061,676568,0.4415857195854187,0.11153999716043472,0.10104495286941528,,,,
23.79627251625061,676569,,,,-0.19000796973705292,0.4680872857570648,-93.09901428222656,
23.79627251625061,676571,,,,,,,3.552492618560791
23.985377311706543,676768,0.4482457935810089,0.11439322680234909,0.08882634341716766,,,,
24.001036405563354,676769,,,,0.4432113766670227,-0.07495773583650589,-94.57723236083984,
24.189800024032593,676968,0.4522910416126251,0.11654909700155258,0.10353731364011765,,,,
24.189800024032593,676969,,,,0.11379531025886536,-0.0076418183743953705,-94.58598327636719,
24.302032947540283,677071,,,,,,,3.5630500316619873
24.3950138092041,677168,0.4556797444820404,0.12133558839559555,0.10284214466810226,,,,
24.3950138092041,677169,,,,0.19541408121585846,-0.21222081780433655,-93.72733306884766,
24.58732795715332,677368,0.4570368230342865,0.12523578107357025,0.08862613141536713,,,,
24.59938097000122,677369,,,,0.23363736271858215,-1.535780906677246,-92.3172378540039,
24.78808617591858,677568,0.4563606083393097,0.1163656935095787,0.10736677050590515,,,,
24.78808617591858,677569,,,,-0.24191848933696747,-0.8488737344741821,-91.49032592773438,
24.80555009841919,677571,,,,,,,3.568328619003296
24.993237018585205,677768,0.46135058999061584,0.10642990469932556,0.1058538630604744,,,,
24.993237018585205,677769,,,,-0.1460200548171997,-0.026194389909505844,-90.9237289428711,
25.198218822479248,677968,0.4656807482242584,0.09955474734306335,0.09985038638114929,,,,
25.198218822479248,677969,,,,0.5425181984901428,-0.25016501545906067,-90.2425765991211,
25.292393684387207,678071,,,,,,,3.5630500316619873
25.388933420181274,678168,0.46918782591819763,0.09159643948078156,0.10260888189077377,,,,
25.388933420181274,678169,,,,0.2581515610218048,-0.3015691637992859,-89.99186706542969,
25.59096074104309,678368,0.4732261598110199,0.08287366479635239,0.10071846097707748,,,,
25.59096074104309,678369,,,,0.06783298403024673,-0.2651946246623993,-90.2728500366211,
25.789673566818237,678568,0.4772990942001343,0.07396626472473145,0.09194257855415344,,,,
25.789673566818237,678569,,,,0.537894606590271,-0.4314134418964386,-90.71310424804688,
25.802210092544556,678571,,,,,,,3.552492618560791
25.997180461883545,678768,0.4777751863002777,0.06338529288768768,0.09926490485668182,,,,
25.997180461883545,678769,,,,0.19528058171272278,0.21587683260440826,-91.8198013305664,
26.190847635269165,678968,0.47673162817955017,0.05461025610566139,0.10514625906944275,,,,
26.190847635269165,678969,,,,-0.08877631276845932,-0.2010284960269928,-93.14239501953125,
26.296610593795776,679071,,,,,,,3.5630500316619873
26.390910625457764,679168,0.4746147394180298,0.04439778998494148,0.09958263486623764,,,,
26.390910625457764,679169,,,,-0.14545530080795288,-0.30369651317596436,-93.44085693359375,
26.594914436340332,679368,0.47378888726234436,0.03358877822756767,0.09496033191680908,,,,
26.594914436340332,679369,,,,-0.03847206383943558,0.25360047817230225,-93.2770767211914,
26.791378259658813,679568,0.47178915143013,0.02476803958415985,0.10362561047077179,,,,
26.791378259658813,679569,,,,0.18500809371471405,-0.1928081214427948,-92.7386474609375,
26.799490451812744,679571,,,,,,,3.5630500316619873
26.991992235183716,679768,0.4675843119621277,0.01487270463258028,0.10015206038951874,,,,
26.991992235183716,679769,,,,-0.05125575140118599,0.1956028938293457,-91.53865051269531,
27.193885326385498,679968,0.4630962610244751,0.006635372526943684,0.09077999740839005,,,,
27.193885326385498,679969,,,,0.11314215511083603,-0.4188365638256073,-90.9310531616211,
27.292705535888672,680071,,,,,,,3.5630500316619873
27.39921998977661,680168,0.4576517343521118,-0.0054162307642400265,0.09875497967004776,,,,
27.39921998977661,680169,,,,-0.8538030385971069,0.2693723738193512,-91.689453125,
27.59314227104187,680368,0.4567294716835022,-0.015306607820093632,0.09507650882005692,,,,
27.59314227104187,680369,,,,-0.21821950376033783,-0.1273592859506607,-92.27336120605469,
27.79359459877014,680568,0.45642703771591187,-0.025331420823931694,0.10653369873762131,,,,
27.79359459877014,680569,,,,-0.2587336003780365,-0.1713307797908783,-92.08948516845703,
27.79359459877014,680571,,,,,,,3.5577712059020996
27.996981143951416,680768,0.45795586705207825,-0.035288743674755096,0.0991467610001564,,,,
27.996981143951416,680769,,,,-0.0550587922334671,-0.07732255011796951,-91.71283721923828,
28.19434952735901,680968,0.4600994884967804,-0.0452626496553421,0.09803135693073273,,,,
28.201370000839233,680969,,,,0.37309932708740234,-0.20429536700248718,-91.86940002441406,
28.296086072921753,681071,,,,,,,3.552492618560791
28.394891500473022,681168,0.46205800771713257,-0.056937091052532196,0.09733670949935913,,,,
28.394891500473022,681169,,,,0.19200032949447632,0.06563762575387955,-92.27193450927734,
28.595233917236328,681368,0.4627593457698822,-0.06406862288713455,0.10245521366596222,,,,
28.595233917236328,681369,,,,0.13761697709560394,0.8652217984199524,-92.64347076416016,
28.795923709869385,681568,0.4629218876361847,-0.0634625256061554,0.10508283972740173,,,,
28.798522233963013,681569,,,,0.19675225019454956,0.4496864080429077,-92.33470916748047,
28.798522233963013,681571,,,,,,,3.5630500316619873
28.997071266174316,681768,0.461063027381897,-0.057963188737630844,0.09434989839792252,,,,
28.997071266174316,681769,,,,0.17793971300125122,-0.226779505610466,-91.79985809326172,
29.1985182762146,681968,0.45697543025016785,-0.055462680757045746,0.10073460638523102,,,,
29.1985182762146,681969,,,,-0.31142958998680115,-0.46485576033592224,-91.34503173828125,
29.29794430732727,682071,,,,,,,3.552492618560791
29.3970685005188,682168,0.45637083053588867,-0.056284841150045395,0.0951695516705513,,,,
29.398090600967407,682169,,,,-0.6173134446144104,-0.4424734115600586,-90.9937515258789,
29.58521795272827,682368,0.460605651140213,-0.05994509533047676,0.1013309434056282,,,,
29.598257541656494,682369,,,,-0.09164360165596008,-0.8198031783103943,-88.68694305419922,
29.798850297927856,682568,0.4628636837005615,-0.06816761195659637,0.09700851887464523,,,,
29.798850297927856,682569,,,,0.11482153087854385,-0.5082297921180725,-81.25373077392578,
29.798850297927856,682571,,,,,,,3.5472140312194824
29.99925661087036,682768,0.46490758657455444,-0.07867640256881714,0.10404020547866821,,,,
29.99925661087036,682769,,,,0.12533186376094818,-0.03775034844875336,-70.54528045654297,
30.199869394302368,682968,0.46451354026794434,-0.08895643055438995,0.10907440632581711,,,,
30.199869394302368,682969,,,,-0.4744682013988495,0.10069809854030609,-58.75394058227539,
30.299975872039795,683071,,,,,,,3.552492618560791
30.38666343688965,683168,0.4632440507411957,-0.0974406823515892,0.1045231893658638,,,,
30.40271496772766,683169,,,,-0.5642843842506409,-0.6820515990257263,-46.42987060546875,
30.591547966003418,683368,0.4708392322063446,-0.10766670852899551,0.10746116936206818,,,,
30.600606441497803,683369,,,,-0.28302040696144104,-0.39642998576164246,-33.851707458496094,
30.780560970306396,683568,0.48114264011383057,-0.11811750382184982,0.10646715760231018,,,,
30.796197652816772,683569,,,,-0.1968895047903061,0.2761707901954651,-21.561046600341797,
30.796197652816772,683571,,,,,,,3.5472140312194824
30.98487663269043,683768,0.49061110615730286,-0.12705865502357483,0.1086246594786644,,,,
30.98487663269043,683769,,,,-0.6744133234024048,0.7210437655448914,-9.36587905883789,
31.188640117645264,683968,0.4949890673160553,-0.13239936530590057,0.1042381003499031,,,,
31.188640117645264,683969,,,,-0.5318604111671448,0.7912559509277344,-0.48267418146133423,
31.298484086990356,684071,,,,,,,3.552492618560791
31.394718170166016,684168,0.4911985695362091,-0.13732321560382843,0.09904735535383224,,,,
31.394718170166016,684169,,,,-0.4867885708808899,0.0516812726855278,3.4100379943847656,
31.58210825920105,684368,0.4855939447879791,-0.13972978293895721,0.09157828986644745,,,,
31.597800731658936,684369,,,,-0.249858558177948,-0.18422245979309082,4.188178062438965,
31.786964654922485,684568,0.48287707567214966,-0.14246425032615662,0.08969242125749588,,,,
31.786964654922485,684569,,,,-0.20107987523078918,-0.2477543205022812,3.880152940750122,
31.80260467529297,684571,,,,,,,3.5577712059020996
31.997316598892212,684768,0.48340460658073425,-0.14544901251792908,0.09751466661691666,,,,
31.997316598892212,684769,,,,0.12334684282541275,-0.3412790894508362,3.5875229835510254,
32.1963152885437,684968,0.4868820011615753,-0.150260791182518,0.09285122156143188,,,,
32.19904828071594,684969,,,,0.06994402408599854,-0.9007106423377991,3.5770983695983887,
32.29063582420349,685071,,,,,,,3.5577712059020996
32.38533329963684,685168,0.49536505341529846,-0.15474271774291992,0.09570612758398056,,,,
32.38533329963684,685169,,,,-0.6088685989379883,-0.1122315302491188,3.6101770401000977,
32.58938241004944,685368,0.5045872926712036,-0.15632398426532745,0.09278535842895508,,,,
32.58938241004944,685369,,,,-0.298871785402298,-0.11482610553503036,3.7040762901306152,
32.79327630996704,685568,0.5110185146331787,-0.15741446614265442,0.09602122008800507,,,,
32.79327630996704,685569,,,,0.11387820541858673,0.2807462811470032,3.655928611755371,
32.79327630996704,685571,,,,,,,3.5577712059020996
32.99744772911072,685768,0.5120010375976562,-0.1612745225429535,0.09408075362443924,,,,
32.99744772911072,685769,,,,-0.28484129905700684,-0.7712341547012329,3.238589286804199,
33.185654401779175,685968,0.5160112380981445,-0.16404247283935547,0.09467334300279617,,,,
33.185654401779175,685969,,,,-0.12385094910860062,-0.8872807621955872,2.5937817096710205,
33.295870780944824,686071,,,,,,,3.552492618560791
33.390459060668945,686168,0.5263450741767883,-0.1643734872341156,0.09483525156974792,,,,
33.390459060668945,686169,,,,-0.4335055351257324,-0.03848647326231003,1.9952479600906372,
33.59472370147705,686368,0.5372284650802612,-0.16116000711917877,0.10149482637643814,,,,
33.59472370147705,686369,,,,0.31508252024650574,-0.1599113941192627,1.5840166807174683,
33.783997535705566,686568,0.5471616983413696,-0.16190947592258453,0.08953908085823059,,,,
33.783997535705566,686569,,,,0.13241106271743774,0.190983384847641,1.2293013334274292,
33.799651861190796,686571,,,,,,,3.5472140312194824
33.98760461807251,686768,0.5550220012664795,-0.16389097273349762,0.10210059583187103,,,,
33.98760461807251,686769,,,,-0.27472421526908875,-0.09043866395950317,1.0301005840301514,
34.19191789627075,686968,0.5632678270339966,-0.1653672307729721,0.09491553157567978,,,,
34.19191789627075,686969,,,,-0.48354408144950867,-0.248864084482193,1.5388777256011963,
34.286275148391724,687071,,,,,,,3.552492618560791
34.396201610565186,687168,0.5727655291557312,-0.16408516466617584,0.1024937853217125,,,,
34.396201610565186,687169,,,,-0.21438367664813995,0.09777621179819107,1.930065393447876,
34.58611869812012,687368,0.5808184146881104,-0.16282591223716736,0.10238903015851974,,,,
34.58611869812012,687369,,,,-0.16857603192329407,0.015431009232997894,2.081181526184082,
34.79041790962219,687568,0.5899901390075684,-0.1617341935634613,0.09774266928434372,,,,
34.79041790962219,687569,,,,-0.1232086569070816,-0.34547120332717896,2.0586960315704346,
34.79041790962219,687571,,,,,,,3.552492618560791
34.99478888511658,687768,0.5997533798217773,-0.16114498674869537,0.10490722954273224,,,,
34.99478888511658,687769,,,,-0.06294093281030655,-0.18511080741882324,1.8399651050567627,
35.18317174911499,687968,0.6098952889442444,-0.16127248108386993,0.09470426291227341,,,,
35.18317174911499,687969,,,,0.00946245901286602,-0.13783316314220428,1.8202730417251587,
35.293262004852295,688071,,,,,,,3.5577712059020996
35.387511014938354,688168,0.6223342418670654,-0.16291172802448273,0.10422637313604355,,,,
35.387511014938354,688169,,,,0.0013389447703957558,0.06178324669599533,2.0713541507720947,
35.592572927474976,688368,0.6322410106658936,-0.16400836408138275,0.10208369046449661,,,,
35.592572927474976,688369,,,,0.03310485556721687,0.03636052832007408,2.7443737983703613,
35.78992986679077,688568,0.6424635052680969,-0.16469718515872955,0.09881575405597687,,,,
35.78992986679077,688569,,,,-0.07029984891414642,0.02175869047641754,3.343287706375122,
35.78992986679077,688571,,,,,,,3.552492618560791
35.99437880516052,688768,0.650535523891449,-0.16467374563217163,0.09712006896734238,,,,
35.99437880516052,688769,,,,-0.060700926929712296,-0.061627618968486786,3.6355648040771484,
36.1828031539917,688968,0.6575452089309692,-0.16506704688072205,0.1034679263830185,,,,
36.1828031539917,688969,,,,0.20514468848705292,0.49508288502693176,3.53588604927063,
36.29289507865906,689071,,,,,,,3.552492618560791
36.38716530799866,689168,0.6626463532447815,-0.16749155521392822,0.1038169115781784,,,,
36.38716530799866,689169,,,,-0.09594117105007172,0.1808142364025116,3.2536497116088867,
36.59184527397156,689368,0.6648041605949402,-0.17189860343933105,0.10755065828561783,,,,
36.59184527397156,689369,,,,-0.16394226253032684,-0.114927276968956,3.2385475635528564,
36.79723143577576,689568,0.6672305464744568,-0.1747293472290039,0.09740927815437317,,,,
36.79969930648804,689569,,,,-0.2653707265853882,0.002401110716164112,2.8620316982269287,
36.79969930648804,689571,,,,,,,3.5472140312194824
36.98807621002197,689768,0.6711836457252502,-0.17570829391479492,0.10139943659305573,,,,
36.98807621002197,689769,,,,-0.19073237478733063,0.12313804775476456,2.427006959915161,
37.19177532196045,689968,0.673122227191925,-0.17919720709323883,0.09884048253297806,,,,
37.19177532196045,689969,,,,-0.1944039911031723,-0.13484404981136322,2.1890790462493896,
37.285301208496094,690071,,,,,,,3.5577712059020996
37.39528131484985,690168,0.6783580183982849,-0.18197904527187347,0.094220831990242,,,,
37.39528131484985,690169,,,,-0.2662799060344696,0.26341113448143005,2.3528919219970703,
37.585161447525024,690368,0.6809520721435547,-0.17947566509246826,0.07385588437318802,,,,
37.585161447525024,690369,,,,-0.3198554813861847,0.6699045300483704,2.6872525215148926,
37.789735078811646,690568,0.6501546502113342,-0.11397930234670639,-0.005802391096949577,,,,
37.789735078811646,690569,,,,-1.4492499828338623,-4.525879859924316,18.903396606445312,
37.789735078811646,690571,,,,,,,3.668621778488159
37.993866205215454,690769,0.5475113391876221,-0.08033078163862228,-0.0016363993054255843,,,,
37.993866205215454,690769,,,,2.739405393600464,4.284725666046143,0.6724952459335327,
38.18254017829895,690968,0.5323162078857422,-0.09450745582580566,0.026613745838403702,,,,
38.19933891296387,690969,,,,3.9711132049560547,1.5727235078811646,-2.5999293327331543,
38.292457580566406,691071,,,,,,,3.668621778488159
38.38710117340088,691168,0.5324353575706482,-0.10699814558029175,0.018497467041015625,,,,
38.38710117340088,691169,,,,3.6456243991851807,0.2788294553756714,-4.531509876251221,
38.59186768531799,691368,0.5311604142189026,-0.11454354971647263,0.01422813255339861,,,,
38.59186768531799,691369,,,,2.875347375869751,-0.12874598801136017,-5.507837772369385,
38.780799865722656,691568,0.5314382910728455,-0.12044596672058105,0.013241312466561794,,,,
38.7965624332428,691569,,,,2.153258800506592,-0.22537854313850403,-6.144160747528076,
38.7965624332428,691571,,,,,,,3.6739003658294678
38.98501658439636,691768,0.5314815044403076,-0.1272716373205185,0.013532765209674835,,,,
39.000593423843384,691769,,,,1.5822296142578125,-0.19445639848709106,-6.562949180603027,
39.1891884803772,691968,0.5317570567131042,-0.12861286103725433,0.013533961959183216,,,,
39.1891884803772,691969,,,,1.0527111291885376,-0.1975937932729721,-6.895449161529541,
39.28338599205017,692071,,,,,,,3.6739003658294678
39.393311500549316,692168,0.5316708087921143,-0.12982717156410217,0.012835863046348095,,,,
39.393311500549316,692169,,,,0.7236186861991882,-0.17267145216464996,-7.05543327331543,
39.594204902648926,692368,0.5316776633262634,-0.13110904395580292,0.013969603925943375,,,,
39.594204902648926,692369,,,,0.5115561485290527,-0.08320292830467224,-7.096932411193848,
